"Infront AS (Company)","Infront (Company)"
"Infront AS (Company)","DASH TopCo AS (Company)"
"Alcumus Group Limited (Company)","Inflexion (Organization)"
"Alcumus Group Limited (Company)","Eversheds Sutherland (Company)"
"DWF Group plc (Company) (ID:5239112)","Inflexion (Organization)"
"DWF Group plc (Company) (ID:5239112)","UN Global Compact (Organisation)"
"DWF Group plc (Company) (ID:5239112)","Bidco (Company)"
"DWF Group plc (Company) (ID:5239112)","Eversheds Sutherland (Company)"
"IntoUniversity (Organisation)","IMPETUS - THE PRIVATE EQUITY FOUNDATION AS TRUSTEE OF THE YOUTH ENDOWMENT FUND (Organization)"
"IntoUniversity (Organisation)","Inflexion (Organization)"
"Lancôme (Company)","L'OREAL (U.K.) LIMITED (Company)"
"Informa Plc (Company)","CDP (Organisation)"
"Informa Plc (Company)","Inflexion (Organization)"
"PRADA S.P.A. (Company)","L'OREAL (U.K.) LIMITED (Company)"
"Infront (Company)","DASH TopCo AS (Company)"
"Aesop (Company)","L'OREAL (U.K.) LIMITED (Company)"
"Bidco (Company)","Rothschild & Co S.C.A. (Company)"
"Bidco (Company)","DWF Group plc (Company) (ID:5239112)"
"Bidco (Company)","Topco (Holding company, food industry)"
"Rothschild & Co S.C.A. (Company)","Inflexion (Organization)"
"Rothschild & Co S.C.A. (Company)","Bidco (Company)"
"DASH TopCo AS (Company)","Infront AS (Company)"
"DASH TopCo AS (Company)","Inflexion (Organization)"
"DASH TopCo AS (Company)","Infront (Company)"
"Topco (Holding company, food industry)","Inflexion (Organization)"
"Topco (Holding company, food industry)","GlobalData (Company)"
"IT Cosmetics (Company)","L'OREAL (U.K.) LIMITED (Company)"
"Inflexion (Organization)","Bidco (Company)"
"Inflexion (Organization)","IntoUniversity (Organisation)"
"Inflexion (Organization)","Medik8 Limited (Company)"
"Inflexion (Organization)","Rothschild & Co S.C.A. (Company)"
"Inflexion (Organization)","Deloitte LLP (Company)"
"Inflexion (Organization)","DWF Group plc (Company) (ID:5239112)"
"Inflexion (Organization)","Eversheds Sutherland (Company)"
"Inflexion (Organization)","GlobalData (Company)"
"Inflexion (Organization)","Sparta Global (Company)"
"Inflexion (Organization)","Infront (Company)"
"Inflexion (Organization)","IMPETUS - THE PRIVATE EQUITY FOUNDATION AS TRUSTEE OF THE YOUTH ENDOWMENT FUND (Organization)"
"Inflexion (Organization)","Alcumus Group Limited (Company)"
"Inflexion (Organization)","Topco (Holding company, food industry)"
"Inflexion (Organization)","DASH TopCo AS (Company)"
"Inflexion (Organization)","UN Global Compact (Organisation)"
"Inflexion (Organization)","Infront AS (Company)"
"Inflexion (Organization)","L'OREAL (U.K.) LIMITED (Company)"
"SkinCeuticals (Company)","L'OREAL (U.K.) LIMITED (Company)"
"CeraVe (Company)","L'OREAL (U.K.) LIMITED (Company)"
"Eversheds Sutherland (Company)","Alcumus Group Limited (Company)"
"Eversheds Sutherland (Company)","DWF Group plc (Company) (ID:5239112)"
"Deloitte LLP (Company)","Sparta Global (Company)"
"Deloitte LLP (Company)","Inflexion (Organization)"
"Deloitte LLP (Company)","Informa Plc (Company)"
"L'OREAL (U.K.) LIMITED (Company)","IT Cosmetics (Company)"
"L'OREAL (U.K.) LIMITED (Company)","Medik8 Limited (Company)"
"L'OREAL (U.K.) LIMITED (Company)","CeraVe (Company)"
"L'OREAL (U.K.) LIMITED (Company)","SkinCeuticals (Company)"
"L'OREAL (U.K.) LIMITED (Company)","Maybelline New York (Company)"
"L'OREAL (U.K.) LIMITED (Company)","The Body Shop (Company)"
"L'OREAL (U.K.) LIMITED (Company)","CDP (Organisation)"
"L'OREAL (U.K.) LIMITED (Company)","Galderma (Company)"
"L'OREAL (U.K.) LIMITED (Company)","Aesop (Company)"
"L'OREAL (U.K.) LIMITED (Company)","PRADA S.P.A. (Company)"
"L'OREAL (U.K.) LIMITED (Company)","Lancôme (Company)"
"L'OREAL (U.K.) LIMITED (Company)","Inflexion (Organization)"
"Maybelline New York (Company)","L'OREAL (U.K.) LIMITED (Company)"
"Sparta Global (Company)","Inflexion (Organization)"
"Sparta Global (Company)","Deloitte LLP (Company)"
"IMPETUS - THE PRIVATE EQUITY FOUNDATION AS TRUSTEE OF THE YOUTH ENDOWMENT FUND (Organization)","Inflexion (Organization)"
"IMPETUS - THE PRIVATE EQUITY FOUNDATION AS TRUSTEE OF THE YOUTH ENDOWMENT FUND (Organization)","IntoUniversity (Organisation)"
"UN Global Compact (Organisation)","Inflexion (Organization)"
"UN Global Compact (Organisation)","L'OREAL (U.K.) LIMITED (Company)"
"Galderma (Company)","L'OREAL (U.K.) LIMITED (Company)"
"CDP (Organisation)","Informa Plc (Company)"
"CDP (Organisation)","L'OREAL (U.K.) LIMITED (Company)"
"The Body Shop (Company)","Aesop (Company)"
"The Body Shop (Company)","L'OREAL (U.K.) LIMITED (Company)"
"Medik8 Limited (Company)","Inflexion (Organization)"
"Medik8 Limited (Company)","L'OREAL (U.K.) LIMITED (Company)"
"Medik8 Limited (Company)","SkinCeuticals (Company)"
"Medik8 Limited (Company)","CeraVe (Company)"
"GlobalData (Company)","Informa Plc (Company)"
"GlobalData (Company)","Inflexion (Organization)"
"GlobalData (Company)","Topco (Holding company, food industry)"
